ads,rent_price,sell_price,area,floors,bedrooms,bathrooms
"🔥ให้เช่าด่วน🔥บ้านเดี่ยวหรู 2 ชั้น ทำเลทอง ใกล้BTSนานา เหมาะCafe , Airanb, Massage therapy, renovateใหม่ ID line :@419wlezv",89000,,70,2,4,4
HR3511ให้เช่าบ้านเดี่ยว Rare Item พร้อมสวนขนาดใหญ่ 130 ตร.ว. ใจกลางร่วมฤดี-เพลินจิต (ใกล้ BTS เพลินจิต เพียง 600 เมตร),130000,,1,2,2,4
🌳 Rare Garden House in Ruamrudee | บ้านเดี่ยวบรรยากาศร่มรื่น ทำเลใจกลางเมือง ใกล้ BTS เพลินจิต เพียง 600 เมตร เหมาะทั้งพักอาศัยและทำธุรกิจ,130000,,1,2,2,4
บ้านเดี่ยวพร้อมสวนขนาดใหญ่ ใจกลาง เพลินจิต ร่วมฤดี (SPSEVE1995),130000,,1,2,2,4
KH0335 ให้เช่าบ้านเดี่ยว 2 ชั้น พร้อมสวนขนาดใหญ่ ใจกลางร่วมฤดี ขนาดที่ดิน 130 ตร.วา ห่าง BTS เพลินจิตประมาณ 600 เมตร ใกล้ BSB British International Primary School ใกล้สวนลุมพินี ใกล้ วันแบงค็อก เหมาะอยู่อาศัย ใกล้โรงเรียนลูก หรือ ทำธุระกิจอื่นๆ,130000,,1,2,2,4
"LTH15769 - Rare Garden House for Rent Ruamrudee | Large Land Plot | Near BTS Ploenchit | From 130,000 THB | บ้านพร้อมสวนขนาดใหญ่ให้เช่า ร่วมฤดี ทำเลหายาก ใกล้ BTS เพลินจิต",130000,,1,2,2,4
บ้านให้เช่า โครงการ เพลินจิต คอลลิน่า สันกำแพง เชียงใหม่ ขนาด .90 ตร.วา หลังบ้านติดสวน,20000,,90,2,3,3
🏡✨ ให้เช่าบ้านเดี่ยวพร้อมสวนขนาดใหญ่ – ใกล้ BTS เพลินจิต เพียง 600 เมตร ✨ บ้านหลังใหญ่ พื้นที่กว้าง บรรยากาศร่มรื่น หาได้ยากในใจกลางเมือง เหมาะสำหรับพักอาศัย หรือ ทำ Home Office,130000,,1,2,2,4
ให้เช่าบ้านเดี่ยวหลังสวน เพลินจิต สุด luxury 🐸🌈🍀位于Ploenchit地区Lang Suan的豪华独立式别墅出租。,130000,,1,2,2,4
ให้เช่าบ้านเดี่ยวพร้อมสวน ซอยร่วมฤดี ใกล้ BTS เพลินจิต และสวนลุมพินี ทำธุรกิจได้,130000,,1,2,2,4
ให้เช่าบ้านเดี่ยวพร้อมสวนขนาดใหญ่ ใจกลางร่วมฤดี,130000,,1,3,5,
RH061426 ให้เช่า บ้านเดี่ยว 2 ชั้น 2 ห้องนอน พร้อมพื้นที่กว้างขวาง at ซอยร่วมฤดี เพลินจิต ใกล้ bts เพลินจิต,130000,,1,2,2,4
ปล่อยเช่า บ้านเดี่ยว นานา ซอยสุขุมวิท 4 ใกล้ รถไฟฟ้า BTS สำหรับ เช่าทำธุรกิจ เหมาะ Airbnb | Spa | Wellness | Home Studio Mid-century Style,89000,,70,2,3,3
Home office / บ้านและสวนขนาดใหญ่ ร่วมฤดี ให้เช่า ใกล้ BTS เพลินจิต 600 เมตร,130000,,1,2,2,4
ให้เช่าบ้านเดี่ยว พร้อมสวนขนาดใหญ่ ใจกลางร่วมฤดี,150000,,1,2,2,4
◈ Rare Garden House in Ruamrudee | Large Private Garden | Near BTS Ploenchit ◈ Land Area: 130 Sq.wah (520 Sq.m.) • Usable Area: 220 Sq.m. • 2 Bedrooms • 4 Bathrooms • Separate Maid’room,130000,,1,2,2,4
บ้านเดี่ยว Ruamrudee ใกล้ BTS เพลินจิต บ้านพร้อมสวน ใจกลางเมือง เหมาะอยู่อาศัยและทำธุรกิจ ทำเล Embassy และ CBD,130000,,1,2,2,4
บ้านเดี่ยวพร้อมสวนขนาดใหญ่ ใจกลางร่วมฤดี,120000,,1,2,2,4
🎉🎉พร้อมอยู่ บ้านเดี่ยว 2 ชั้นครึ่ง มีสระว่ายน้ำส่วนตัว ใจกลางสุขุมวิท ใกล้รพ.บำรุงราษฎร์ เพลินจิต วิทยุ,200000,,69,3,5,
🔼 AccomA🔽 ขายบ้าน 3 ห้องนอนในเพลินจิตใกล้ BTS เพลินจิต 350 ตร.ม. 40 ตร.ว (AA36589),,80000000,40,2,3,4
ขาย บ้านเดี่ยว สุขุมวิท ซอย 4 ซอยสมาหาร 1800 ตรม 1 งาน 95 ตรว ใกล้ BTS นานา,,300000000,1,3,9,
"ให้เช่าบ้านเดี่ยว 2 ชั้น รีโนเวทใหม่ ถนน สุขุมวิท4 ใกล้ BTS นานา แอร์เฟอร์นิเจอร์ครบ มี4ห้องนอน3ห้องน้ำ 1ห้องแม่บ้านพร้อมห้องน้ำ ราคาเช่าเดือนละ94,000บาท (จดทะเบียนบริษัทได้)",94000,,70,2,4,3
💥ขายบ้าน พร้อมที่ดิน 220 ตรว. ถนนวิทยุ ใกล้ BTS เพลินจิต,,289000000,2,2,5,
ให้เช่า บ้านเดี่ยว 4 ห้องนอน ใน ซอยสุขุมวิท 4 แขวงคลองเตย เขตคลองเตย กรุงเทพมหานคร,200000,,69,3,4,5
♦ Brooklyn Style ♦ บ้านเดี่ยว 3 ชั้น ขนาดที่ดิน 80.00 ตร.ว. พื้นที่ใช้สอย 580.00 ตร.ม. | 5 ห้องนอน 5 ห้องน้ำ 4 ที่จอดรถ | ใกล้ BTS ปุณณวิถี,400,59,80,3,5,5
